Product,Brand,Model,URL
slow cooker,Panasonic,SR-ZC075K,https://www.panasonic.com/ca/consumer/home-appliances/rice-cookers/microcomputer-controlled/sr-zc075k.html
slow cooker,Philips,Viva Collection Multi-cooker,https://philipsappliances.pk/philips-viva-collection-all-in-one-multicooker-hd2237-72/
slow cooker,Breville,the Fast Slow Pro,https://www.breville.com/us/en/products/cookers/bpr700.html
slow cooker,Wolf Gourmet,Multi-Function Cooker,https://wolfgourmet.com/store/countertop-appliances/multi-function-cooker
slow cooker,DeLonghi,Livenza Multi-Cooker,https://www.delonghi.com/en-us/livenza-all-in-one-programmable-multi-cooker-6-quart-ckm1641d/p/CKM1641D
slow cooker,West Bend,"West Bend Large Slow Cooker, 6 Qt. Capacity",https://westbend.com/products/6-qt-oval-slow-cooker
slow cooker,All-Clad,ALL-CLAD 6.5Qt Slow Cooker,https://www.all-clad.ca/en/c/6-5Qt-Slow-Cooker/p/1500632304
slow cooker,Presto,6-quart Traveling Slow Cooker,https://www.gopresto.com/product/presto-6-quart-nomad-traveling-slow-cooker-06011
