Product,Brand,Model,URL
electric toothbrush,Sonic-FX,Sonic-FX Solo Sonic Toothbrush,https://sonicfxtoothbrush.com/product/sonic-fx-solo/
electric toothbrush,Burst,Burst Sonic Toothbrush,https://www.burstoralcare.com/product/toothbrush-pro#
electric toothbrush,Waterpik,"sonic-fusion professional, sf-04",https://store.waterpik.com/black-sonic-fusion-professional-sf-04
electric toothbrush,FOREO,FOREO ISSA Mikro,https://www.foreo.com/issa-mikro
electric toothbrush,Quip,Quip Metal Electric Toothbrush,https://www.getquip.com/store/products/silver-metal-electric-toothbrush-set
electric toothbrush,Philips,Philips Sonicare DiamondClean Smart,https://www.usa.philips.com/c-p/HX9924_11/sonicare-diamondclean-smart-9500-sonic-electric-toothbrush-with-app
electric toothbrush,Colgate,Colgate Hum Smart Electric Toothbrush,https://shop.colgate.com/products/hum-adult-smart-rechargeable-electric-toothbrush
electric toothbrush,Oral-B,Oral-B Pro 1000,https://oralb.com/en-us/oral-b-pro-1000-rechargeable-electric-toothbrush/
