Product,Brand,Model,URL
tablet,Alcatel,3T 10,https://www.alcatelmobile.com/product/tablet/alcatel-3-series/alcatel-3t10-4g-2020-aquaman/
tablet,CHUWI,HiPad X,https://store.chuwi.com/products/hipad-x-keyboard
tablet,Google,Pixel Slate,https://store.google.com/us/product/pixel_tablet?hl=en-US
tablet,LG,G Pad IV 8.0 FHD,https://www.lg.com/ca_en/cell-phones/lgv533/
tablet,Huawei,huawei matepad pro 13.2-inch,https://consumer.huawei.com/en/tablets/matepad-pro-13-2/
tablet,Samsung,Galaxy Tab S7 FE,https://www.samsung.com/us/tablets/tab-s7/tab-s7-fe/
tablet,Acer,ICONIA ONE 10,https://www.acer.com/us-en/tablets/iconia/iconia-tab-p10
tablet,Apple,iPad Mini,https://www.apple.com/shop/buy-ipad/ipad-mini/
