Product,Brand,Model,URL
lawn mower,BOB-CAT,"ZT6000e Electric Zero-Turn Mower",https://www.bobcat.com/na/en/equipment/mowers/zero-turn-mowers/zt6000e
lawn mower,Snapper,CONQUER YARD WORK EFFORTLESSLY WITH NEW SNAPPER HD 48-VOLT MAX1 LAWN AND GARDEN SYSTEM,https://www.snapper.com/na/en_us/news-room/browse/new-snapper-hd-48-volt-max-lawn-and-garden-system.html
lawn mower,Gravely,Pro-Turn ZX,https://www.gravely.com/en-us/power-equipment/zero-turn-mowers/pro-turn-z
lawn mower,Troy-Bilt,Pony 42 Riding Lawn Mower,https://www.troybilt.com/en_US/lawn-and-garden-tractors/pony-42-riding-lawn-mower/13AM77BSA23.html
lawn mower,Worx,WORX 1000m2 LANDROID Automatic Robot Lawn Mower & Starter Kit  WR140E,https://au.worx.com/shop/configuration/kit/worx-20v-landroid-robot-lawn-mower-1000m2-dedicated-appcut-to-edge-automatic
lawn mower,Ryobi,RY40180,https://www.ryobitools.com/products/details/46396018793
lawn mower,Husqvarna,w520,https://www.husqvarna.com/us/push-lawn-mowers/w520/
lawn mower,Ariens,IKON XD 52,https://www.ariens.com/en-us/power-equipment/lawn-products/zero-turn-mowers/ikon/ikon-52-kawasaki
