Product,Brand,Model,URL
microwave oven,Haier,0.9-Cu.-Ft. 900-Watt Microwave,https://www.haierappliances.com/appliance/0-9-Cu-Ft-900-Watt-Microwave-HMC920BEWW
microwave oven,Breville,the Compact Wave Soft Close,https://www.breville.com/us/en/products/microwaves/bmo650.html
microwave oven,Toshiba,1.2 CU. FT. MICROWAVE OVEN,https://www.toshiba-lifestyle.com/us/cooking-appliances/microwave-ovens/1-2-cu-ft-microwave-oven-em131a5c-bs
microwave oven,Sharp,1.4 cu. ft. 1100W Sharp Black Stainless Steel Countertop Microwave Oven (SMC1452CH),https://shop.sharpusa.com/1-4-cu-ft-1100w-sharp-black-stainless-steel-countertop-microwave-oven-smc1452ch/
microwave oven,Panasonic,"2.2 cu. ft. Inverter Microwave, 1250W - NN-SN966SR",https://shop.panasonic.com/products/2-2-cu-ft-inverter-microwave-1250w-nn-sn966sr
microwave oven,LG,2.0 cu. ft. NeoChef Countertop Microwave with Smart Inverter and EasyClean,https://www.lg.com/us/cooking-appliances/lg-lmc2075st-counter-top-microwave
microwave oven,Galanz,Galanz 0.7 Cu Ft Retro Microwave Oven,https://www.galanz.com/us/?page_id=2322
microwave oven,Magic Chef,1.1 cu. ft. Countertop Microwave Oven MCM1110ST,https://mcappliance.com/kitchen/mcm1110st.html
