Product,Brand,Model,URL
washing machine,Beko,Freestanding 7kg 1200rpm Washing Machine with Quick Programme,https://www.beko.ie/appliances/laundry/washing-machines/product/a-7kg-1200rpm-washing-machine-wtk72041-black-white
washing machine,Hisense,Hisense HWFS1015AB,https://hisense.com.au/product/hisense-front-load-washer-10kg-series-7-hwfs1015ab/
washing machine,Zanussi,"WASCHMASCHINE TOPLADER / 6,0 KG / 1200 U/MIN",https://www.zanussi.at/laundry/laundry/washing-machines/top-loader-washing-machine/zwq61235ci/
washing machine,Hotpoint,ActiveCare NM11 945 WC A UK N Washing Machine - White,https://www.hotpoint.co.uk/hotpoint-activecare-nm11-945-wc-a-uk-n-washing-machine-white-f160230/p
washing machine,Haier,Washer dryer I-Pro Series 7,https://www.haier-europe.com/en_GB/washer-dryers/31011215/hwd100-b14979-uk/
washing machine,Miele,All-New W1 T1 Laundry Series,https://www.mieleusa.com/c/high-quality-washers-and-dryers-3079.htm
washing machine,Electrolux,500 Series Front Load Washer - 4.5 Cu. Ft.,https://www.electrolux.com/en/p/laundry-care/washers/front-load-washers/ELFW7537AW
washing machine,GE Appliances,GE 5.0 cu. ft. Capacity Smart Front Load ENERGY STAR Steam Washer with SmartDispense UltraFresh Vent System with OdorBlock and Sanitize + Allergen,https://www.geappliances.com/appliance/GE-5-0-cu-ft-Capacity-Smart-Front-Load-ENERGY-STAR-Steam-Washer-with-SmartDispense-UltraFresh-Vent-System-with-OdorBlock-and-Sanitize-Allergen-GFW850SPNDG
