Product,Brand,Model,URL
hedge trimmer,Craftsman,CMCHTS820D1,https://www.craftsman.com/products/cmchts820d1/v20-cordless-22-in-hedge-trimmer-kit-2-0ah
hedge trimmer,Poulan Pro,Hedgetrimmer PR2322,https://www.poulanpro.com/products/hedgetrimmers/hedgetrimmer-pr2322
hedge trimmer,Snapper,Cordless Hedge Trimmer SXDHT82,https://www.snapper.eu/en-ie/cordless-garden-tools/cordless-hedge-trimmer-sxdht82/
hedge trimmer,Husqvarna,122HD45,https://www.husqvarna.com/us/hedge-trimmers/122hd60/
hedge trimmer,DeWALT,20V MAX* Lithium Ion Hedge Trimmer (5.0Ah),https://www.dewalt.com/product/dcht820p1/20v-max-lithium-ion-hedge-trimmer-50ah
hedge trimmer,STIHL,HS 82 T,https://www.stihl.com/STIHL-power-tools-A-great-range/Hedge-trimmers-and-long-reach-hedge-trimmers/Hedge-trimmers/235345-610/HS-82-T.aspx
hedge trimmer,Ryobi,P2606B,https://www.ryobitools.com/products/details/46396014924
hedge trimmer,Black Decker,"Electric Hedge Trimmer, 17 in.",https://www.blackanddecker.com/products/beht150
