Product,Brand,Model,URL
dishwasher,Miele,G 5006 SCU,https://www.mieleusa.com/e/pre-finished-g-5006-scu-clean-touch-steel-11636690-p
dishwasher,KitchenAid,44 dBA Dishwasher in PrintShield Finish with FreeFlex Third Rack,https://www.kitchenaid.com/major-appliances/dishwashers/integrated-control/p.44-dba-dishwasher-in-printshield-finish-with-freeflex-third-rack.kdtm404kps.html
dishwasher,Maytag,Stainless steel tub dishwasher with Dual Power Filtration,https://www.maytag.com/kitchen/dishwashers-and-compactors/dishwashers/front-control-dishwashers/p.stainless-steel-tub-dishwasher-with-dual-power-filtration.mdb4949skz.html
dishwasher,Whirlpool,Large Capacity Dishwasher with 3rd Rack,https://www.whirlpool.com/kitchen/dishwasher-and-cleaning/dishwashers/built-in-hidden-control-console/p.large-capacity-dishwasher-with-3rd-rack.wdt750sakz.html
dishwasher,Avanti,"24"" Built In Dishwasher",https://www.avantiproducts.com/products/24-built-in-dishwasher-stainless
dishwasher,Frigidaire,frigidaire professional series,https://www.frigidaire.com/en/Collections/Frigidaire-Professional-Series
dishwasher,Haier,Haier ENERGY STAR Smart Top Control with Stainless Steel Interior Dishwasher with Sanitize Cycle,https://www.haierappliances.com/appliance/Haier-ENERGY-STAR-Smart-Top-Control-with-Stainless-Steel-Interior-Dishwasher-with-Sanitize-Cycle-QDP555SYNFS
dishwasher,Fisher Paykel,Double DishDrawer Dishwasher,https://www.fisherpaykel.com/us/dishwashing/contemporary-dishwashers/double-dishdrawer-dishwasher-tall-sanitize-dd24dctx9-n-82331.html
