Product,Brand,Model,URL
solid state drive,Apacer,AS350 Panther 256GB,https://www.apacer.com/en/product/personal-product/detail/personal_ssd/as350_panther_sataiii
solid state drive,Transcend,SATA III 6Gb/s SSD230S,https://www.transcend-info.com/Products/No-756
solid state drive,Silicon Power,Silicon Power A55 128GB-4TB SATA III 6Gb/s 2.5-inch Internal Solid State Drive,https://sp-siliconpower.com/products/a55-128gb-2tb-sata-iii-2-5-inch-internal-solid-state-drive
solid state drive,PNY,CS900,https://www.pny.com/ssd-cs900
solid state drive,ADATA,XPG SX8200 Pro PCIe Gen3x4 M.2 2280 Solid State Drive,https://www.xpg.com/us/xpg/583
solid state drive,Crucial,BX500,https://eu.crucial.com/products/ssd/bx500-ssd
solid state drive,Kingston,Kingston FURY Renegade PCIe 4.0 NVMe M.2 SSD,https://www.kingston.com/en/ssd/gaming/kingston-fury-renegade-nvme-m2-ssd
solid state drive,Gigabyte,UD PRO SSD,https://www.gigabyte.com/SSD/UD-PRO-512GB#kf
