Product,Brand,Model,URL
barbecue grill,Blackstone,17 Tabletop Griddle,https://blackstoneproducts.com/products/17-tabletop-griddle
barbecue grill,Pit Boss,PIT BOSS CLASSIC WOOD PELLET GRILL,https://pitboss-grills.com/grills/wood-pellet/pit-boss-classic-wood-pellet-grill
barbecue grill,Big Green Egg,MiniMax EGG,https://biggreenegg.com/minimax-big-green-egg/
barbecue grill,Kamado Joe,CLASSIC JOE GRILL - SERIES II,https://international.kamadojoe.com/products/classic-joe-ii
barbecue grill,Traeger,Pro 780,https://www.traeger.com/pellet-grills/pro/780
barbecue grill,Char-Broil,Performance Series 4-Burner Gas Grill,https://www.charbroil.com/performance-series-4-burner-gas-grill-463351021
barbecue grill,Weber,Spirit E-310 Gas Grill,https://www.weber.com/US/en/gas/spirit/spirit-e-310-gas-grill/46510001.html
barbecue grill,Broil King,BARON S 490 PRO INFRARED,https://broilkingbbq.com/grills/baron-s-490-pro-ir/
