Product,Brand,Model,URL
hammock,Pawleys Island Hammocks,Sunbrella Fabric Hammock,https://pawleysislandhammocks.com/product/Large-Quilted-Sunbrella-Fabric-Hammock-Spectrum-Sand/QSSAND
hammock,Yellow Leaf Hammocks,Signature Hammock,https://www.yellowleafhammocks.com/products/double-hammock-nautical-seersucker-vineyard-haven
hammock,Hatteras Hammocks,duracord small rope hammock - oatmeal,https://hatterashammocks.com/product/DURACORD-Small-Rope-Hammock-Oatmeal/DC-11OT
hammock,Warbonnet,Ridgerunner,https://www.warbonnetoutdoors.com/product-category/hammocks/ridgerunner-and-add-ons/
hammock,Vivere,Combo Double Cotton Hammock,https://www.vivereeurope.com/products/double-cotton-hammock-with-stand-combo-8ft
hammock,Hennessy Hammock,expedition classic,https://hennessyhammock.co.uk/products/expedition-asym-classic
hammock,ENO Eagles Nest Outfitters,SingleNest Hammock,https://eaglesnestoutfittersinc.com/products/singlenest-hammock
hammock,Castaway Hammocks,13 ft. Double Antique Brown Polyester Rope Hammock,https://castawayliving.com/product/13-ft-Double-Antique-Brown-Polyester-Rope-Hammock-with-Hanging-Hardware-Storage-Bag-Included/PC-13PABSB
