Product,Brand,Model,URL
laptop,Purism,Purism Librem 14,https://puri.sm/products/librem-14/
laptop,Razer,Razer Blade Stealth 13,https://www.razer.com/gaming-laptops/razer-blade-stealth
laptop,Huawei,Huawei MateBook 14,https://consumer.huawei.com/en/laptops/matebook-14-2021/
laptop,MSI,MSI GT76 Titan,https://www.msi.com/Laptop/GT76-Titan-9SX/Specification
laptop,Apple,MacBook Air,https://www.apple.com/shop/buy-mac/macbook-air
laptop,Asus,Asus ZenBook 14,https://www.asus.com/laptops/for-home/zenbook/zenbook-14-ux425-11th-gen-intel/
laptop,Acer,Acer Aspire 5,https://www.acer.com/us-en/laptops/aspire/aspire-5-intel
laptop,Fujitsu,Fujitsu Lifebook U9311X,https://www.fujitsu.com/id/products/computing/pc/ap/notebooks/lifebook-u9311x/
