Product,Brand,Model,URL
air compressor,Porter-Cable,6 Gallon Oil Free Pancake Compressor,https://www.portercable.com/product/c2002/6-gallon-oil-free-pancake-compressor
air compressor,Rolair,VT25BIG,https://www.rolair.com/air-compressors/hand-carry-air-compressors/vt25big
air compressor,Makita,Makita 3.0 HP* Big Bore Air Compressor,https://www.makitatools.com/products/details/MAC5200
air compressor,DeWalt,"DeWalt 1.6 HP Continuous, 225 PSI, 4.5 Gallon Compressor",https://www.dewalt.com/product/d55146/16-hp-continuous-225-psi-45-gallon-compressor
air compressor,Chicago Pneumatic,cp3850 series - industrial angle grinders & sanders,https://tools.cp.com/en-us/product-ranges/cp3850
air compressor,Quincy Compressors,QGS 5-100 hp Belt Drive Compressors,https://www.quincycompressor.com/products/rotary-screw-air-compressors/qgs/
air compressor,Ingersoll Rand,SS5L5 Single Stage Air Compressor,https://ingersollrandcompressedair.com/ss5l5-single-stage-air-compressor.html
air compressor,Sullair,375 Series T4F Portable Diesel Compressors,https://america.sullair.com/en/products/375-series-t4f-portable-diesel-compressors
