Product,Brand,Model,URL
pool cleaner,Water Tech,Pool Blaster Max,https://watertechcorp.com/products/pool-blaster-max-li/
pool cleaner,VINGLI,VINGLI Automatic Pool Cleaner,https://www.vingli.com/products/vingli-indoor-outdoor-automatic-swimming-pool-cleaner-sweep-blue
pool cleaner,Aiper,scuba s1 pro,https://aiper.com/products/aiper-scuba-s1-pro-cordless-robotic-pool-cleaner
pool cleaner,Hayward,Hayward TigerShark,https://hayward.com/tigershark-qc-robotic-cleaner-with-quick-clean-w3rc9990cub.html
pool cleaner,Maytronics,Dolphin Nautilus CC Plus,https://www.maytronics.com/en-us/residential-pools/best-seller-cleaners/dolphin-nautilus-cc-plus_99996403-PCF.html
pool cleaner,Polaris,Polaris 280,https://www.polarispool.com/en/products/pool-cleaners/pressure-automatic-pool-cleaners/polaris-vac-sweep-280
pool cleaner,Beatbot,AquaSense Pro,https://beatbot.com/products/aquasense-pro
pool cleaner,Wybot,WYBOT S1 High-end Cordless Robotic Pool Cleaner,https://www.wybotpool.com/products/wybot-s1-high-end-cordless-robotic-pool-cleaner-with-app-mode-wall-climbing
