Product,Brand,Model,URL
wet-dry vacuum,Makita,XCV11Z 18V LXT Lithium-Ion Brushless Cordless 2 Gallon HEPA Filter Portable WetDry Dust Extractor,https://www.makitatools.com/products/details/XCV11Z
wet-dry vacuum,Stanley,SL18115 5 gal 4 Peak MAX HP Horsepower Pro Stainless Steel Wet/Dry Vacuum,https://www.stanleytools.com/product/sl18115/5-gal-4-peak-max-hp-horsepower-pro-stainless-steel-wetdry-vacuum
wet-dry vacuum,Vacmaster,"16 Gallon 6.5 Peak HP Wet/Dry Vac, Heavy-Duty Shop Vacuum",https://vacmastervacs.ca/5-gallon-5-5-peak-hp-wet-dry-vacuum/
wet-dry vacuum,Craftsman,4.25 Peak HP* Wet/Dry Vac With Attachments (9 gal),https://www.craftsman.com/products/cmxevbe17590/4-25-peak-hp-wet-dry-vac-with-attachments-9-gal
wet-dry vacuum,DeWalt,DXV09P 9 Gallon Poly WetDry Vac,https://www.dewalt.com/product/dxv09p/5-hp-wetdry-vacuum-9-gal
wet-dry vacuum,Ridgid,6.0-Peak HP NXT WetDry Shop Vacuum with Filter,https://store.ridgid.com/us/en/wet-dry-vac
wet-dry vacuum,Shop-Vac,shop-vac 6 gallon* 3.5 peak hp** contractor series wet/dry vacuum,https://www.shopvac.com/products/shop-vac-6-gallon-3-5-peak-hp-wet-dry-vacuum
wet-dry vacuum,Karcher,WD 3 P Wet and Dry Vacuum Cleaner,https://www.kaercher.com/us/home-garden/wet-and-dry-vacuum-cleaners/wd-3-16281140.html
