Product,Brand,Model,URL
shampoo,Paul Mitchell,Tea Tree Special Shampoo,https://www.paul-mitchell.co.uk/en/our-products/tea-tree/tea-tree-special/tea-tree-special-shampoo
shampoo,Redken,Color Extend Magnetics Shampoo,https://www.redken.ca/en-ca/products/haircare/color-extend-magnetics
shampoo,LOréal,EverPure Moisture Shampoo,https://www.lorealparisusa.com/hair-care-hair-style/shampoo/everpure-moisture-shampoo
shampoo,Garnier,Fructis Grow Strong Shampoo,https://www.garnierusa.com/about-our-brands/fructis/grow-strong/grow-strong-shampoo
shampoo,Dove,Nutritive Solutions Intensive Repair Shampoo,https://www.dove.com/us/en/p/intensive-repair-shampoo-for-damaged-hair.html/00045893080531
shampoo,Herbal Essences,Hello Hydration Shampoo,https://herbalessences.com/en-us/our-products/hello-hydration-shampoo/
shampoo,Matrix,Brass Off Shampoo,https://www.matrixprofessional.ca/en-ca/products/hair-care/brass-off/brass-off-shampoo
shampoo,Pantene,Repair Protect Shampoo,https://pantene.com/en-us/product/repair-protect-2in1-shampoo-conditioner
