Product,Brand,Model,URL
tool chest,Montezuma,36 x 17 Steel Triangle Toolbox,https://www.montezumastorage.com/collections/triangle-toolboxes-outdoor/products/36-x-17-in-steel-triangle%C2%AE-toolbox
tool chest,Viper Tool Storage,26 3-Drawer Top Chest Lime,https://vipertoolstorage.com/product/26-inch-3-drawer-top-chest/
tool chest,Extreme Tools,41 Extreme Portable Workstation,https://extremetools.com/products/roller-cabinets/extreme-tools-41-inch-11-drawer-24-deep-roller-cabinet/
tool chest,Homak,27 pro series two drawer slide top service cart,https://homak.com/product/27-pro-series-two-drawer-slide-top-service-cart/
tool chest,Kennedy,39 Maintenance Pro Roller Cabinets,https://buykennedy.com/product/54-9-drawer-maintenance-pro-roller-cabinet/
tool chest,Milwaukee,46 8-Drawer Steel Storage Cabinet,https://www.milwaukeetool.com/Products/Storage-Solutions/Steel-Storage/48-22-8520
tool chest,Dewalt,36 in W x 24 in D Storage Chest,https://www.dewalt.com/product/dwst38000/tough-chest-mobile-storage
tool chest,Craftsman,2000 Series 52-in W x 37.5-in H 10-Drawer Steel Rolling Tool Cabinet,https://www.craftsman.com/products/cmst98273rb/s2000-52-in-10-drawer-rolling-tool-cabinet
