Product,Brand,Model,URL
smartphone,OPPO,oppo a94,https://oppostore.co.uk/a94-5g-2021.html
smartphone,Alcatel,Alcatel 1S 2020,https://www.alcatelmobile.com/product/smartphone/alcatel1/alcatel-1s-2020
smartphone,LG,V60 ThinQ,https://www.lg.com/ca_en/cell-phones/lmv600tm2x/
smartphone,Sony,Xperia 10 II,https://electronics.sony.com/mobile/smartphone/c/smartphones
smartphone,OnePlus,8T,https://www.oneplus.com/global/8t
smartphone,Xiaomi,Mi 11,https://www.mi.com/global/product/mi-11/
smartphone,Samsung,Galaxy Z Fold3,https://news.samsung.com/za/samsung-launches-buy-and-try-promotion-with-galaxy-z-fold3-5g-and-galaxy-z-flip3-5g
smartphone,Huawei,P40 Pro,https://consumer.huawei.com/en/phones/p40-pro/
