Product,Brand,Model,URL
computer monitor,MSI,Optix MAG274QRF-QD,https://us.msi.com/Monitor/Optix-MAG274QRF-QD
computer monitor,AOC,C32G2E,https://aoc.com/us/gaming/products/monitors/c32g2e
computer monitor,Philips,Curved UltraWide LCD Monitor with USB-C,https://www.usa.philips.com/c-p/346B1C_27/curved-ultrawide-lcd-monitor-with-usb-c
computer monitor,ViewSonic,TD2455,https://www.viewsonic.com/global/products/lcd/TD2455
computer monitor,Acer,Nitro XV272U RV Widescreen Gaming LCD Monitor,https://www.acer.com/us-en/monitors/gaming/nitro-xv2/pdp/UM.HX2AA.V06
computer monitor,Asus,ROG SWIFT 360Hz PG259QN,https://rog.asus.com/monitors/23-to-24-5-inches/rog-swift-360hz-pg259qn-model/
computer monitor,LG,27 UltraGear FHD IPS 1ms 240Hz G-Sync Compatible HDR10 3-Side Virtually Borderless Gaming Monitor,https://www.lg.com/us/monitors/lg-27gn750-b-gaming-monitor
computer monitor,Dell,Dell UltraSharp 27 4K USB-C Hub Monitor - U2723QE,https://www.dell.com/en-us/shop/dell-ultrasharp-27-4k-usb-c-hub-monitor-u2723qe/apd/210-bdpf/monitors-monitor-accessories
