Product,Brand,Model,URL
network attached storage,ioSafe,218 NAS,https://iosafe.com/products/218-nas/
network attached storage,Fujitsu,ETERNUS AF250,https://www.fujitsu.com/global/products/computing/storage/all-flash-arrays/eternus-af250-s3/
network attached storage,TerraMaster,F2-221,https://www.terra-master.com/us/products.html
network attached storage,Zyxel,NAS326,https://www.zyxel.com/us/en-us/products/personal-cloud-storage
network attached storage,Seagate,Exos X16,https://www.seagate.com/news/news-archive/seagate-delivers-industry-first-enterprise-ready-exos-16tb-hard-drive-and-raises-the-bar-with-ironwolf-16tb-for-nas-pr/
network attached storage,Buffalo Technology,TeraStation 5810DN,https://www.buffalo-technology.com/productpage/terastation-5810dn/
network attached storage,Synology,fs3600,https://www.synology.com/en-global/products/FS3600
network attached storage,Infortrend,Infortrend EonStor GSi 3000,https://www.infortrend.com/us/products/families/gsepro/pro3000
