Product,Brand,Model,URL
portable speaker,Tribit,StormBox Micro 2,https://tribit.com/products/tribit-stormbox-micro-2-portable-speaker
portable speaker,Yamaha,musiccast 20,https://shop.usa.yamaha.com/en/p/audio-home-theater/desktop-audio/musiccast20-wireless-speaker
portable speaker,Harman Kardon,Onyx Studio 7,https://kh.harmankardon.com/ONYX-STUDIO-7-.html
portable speaker,Ultimate Ears,BOOM 3,https://www.ultimateears.com/en-in/wireless-speakers/boom-3.html
portable speaker,Marshall,Emberton,https://www.marshall.com/us/en/product/emberton-ii?pid=1006234
portable speaker,Anker Soundcore,Motion Boom,https://us.soundcore.com/products/a3117011
portable speaker,JBL,Flip 6,https://kh.jbl.com/bluetooth-portables/FLIP-6-.html
portable speaker,Bose,SoundLink Revolve II,https://www.bose.co.uk/en_gb/products/speakers/portable_speakers/soundlink-revolve-ii.html#v=soundlink_revolve_ii_black
