Product,Brand,Model,URL
fascia gun,Achedaway,Achedaway Cupper - Smart Cupping Therapy Massager,https://achedaway.uk/products/achedaway-smart-cupping-therapy-massager
fascia gun,Yunmai,Yunmai Massage Gun Slim Chic,https://yunmaiglobal.com/products/powerful-percussion-massage-gun-slimchic
fascia gun,Medcursor,Massage Gun,https://medcursor.com/products/handheld-percussion-massage-gun-gray
fascia gun,TimTam,Power Massager Pro,https://www.timtamperformance.com/products/pocket-powermassager
fascia gun,Opove,M3 Pro,https://www.opove.com/products/opove-m3-pro-massage-gun
fascia gun,Renpho,R3 Massage Gun,https://renpho.uk/products/r3-active-massage-gun
fascia gun,Hyperice,Hypervolt 2,https://hyperice.com/products/hypervolt-2-pro/
fascia gun,Therabody,Theragun Prime,https://www.therabody.com/us/en-us/theragun-prime.html
