Product,Brand,Model,URL
lipstick,Anastasia Beverly Hills,Liquid Lipstick - Crush,https://www.anastasiabeverlyhills.co.uk/liquid-lipstick/12275865.html
lipstick,Charlotte Tilbury,pillow talk lipstick,https://www.charlottetilbury.com/us/products/makeup/collections/pillow-talk
lipstick,Too Faced,Melted Matte Liquified Long Wear Lipstick - Queen B,https://www.toofaced.com/product/24747/59015/lip-makeup/melted-lipstick/melted-matte-liquified-longwear-lipstick/longwear-lipstick
lipstick,NARS,Audacious Lipstick,https://www.narscosmetics.com/USA/audacious-lipstick/999NARS000011.html
lipstick,Revlon,ColorStay Matte Lite Crayon,https://www.revlon.com/lips/lipstick/colorstay-matte-lite-crayon
lipstick,LOréal,Colour Riche Matte Lipstick,https://www.lorealparisusa.com/makeup/lip-color/lipstick/intense-volume-matte-lipstick
lipstick,MAC Cosmetics,MAC Love Me Lipstick,https://www.maccosmetics.com/love-me-lipstick
lipstick,Maybelline,SuperStay Matte Ink,https://www.maybelline.com/lip-makeup/lipstick/superstay-matte-ink-liquid-lipstick?variant=Romantic
