Product,Brand,Model,URL
automatic garden watering system,Holman,Smart Moisture Sensor,https://www.holmanindustries.com.au/product/smart-moisture-sensor/
automatic garden watering system,Hozelock,25 Pot Watering Kit,https://www.hozelock.com/product/25-pot-watering-kit/
automatic garden watering system,Weathermatic,SmartLine Controllers,https://www.weathermatic.com/products/controllers/smartline-controllers/
automatic garden watering system,Claber,Claber 8053 Oasis Automatic Drip Watering System,https://claber.us/shop/oasis-automatic-drip-watering-system/
automatic garden watering system,Gardena,Smart Water Control,https://www.gardena.com/int/products/watering/water-controls/smart-water-control/967045101.html
automatic garden watering system,Raindrip,"Hose-End Automatic Water Timer, Analog",https://www.raindrip.com/products/timers/hose-end-automatic-water-timer-analog
automatic garden watering system,Orbit,B-hyve Smart Indoor/Outdoor Irrigation Controller,https://www.orbitonline.com/products/b-hyve-smart-indoor-outdoor-irrigation-controller
automatic garden watering system,Rain Bird,ESP4ME3 Irrigation Controller,https://store.rainbird.com/esp4me3-indoor-outdoor-120v-irrigation-controller-lnk-wifi-compatible.html
