Product,Brand,Model,URL
paint sprayer,Apollo Sprayers,6000 Series ECO Bleeder Spray Guns,https://hvlp.com/product-category/hvlp-systems-parts-accessories/turbine-spray-guns/6000-series-eco-bleeder-spray-guns/
paint sprayer,Paasche,TG-3WC TG Airbrush In Wood Case With 3 Heads,https://www.paascheairbrush.com/TG-3WC
paint sprayer,Sharpe,Finex FX3000,http://www.sharpe1.com/sharpe/sharpe.nsf/page/finex+fx3000
paint sprayer,Sata,SATAjet 5000 B,https://www.sata.com/en-amn/products/spray-guns/gravity-flow-cup-guns/satajet-5000-b
paint sprayer,Fuji Spray,Mini-Mite 4 VS-Q Platinum,https://fujispray.com/mini-mite-platinum-vs-q-platinum/
paint sprayer,HomeRight,Finish Max,https://www.homeright.com/products/finish-max-sprayer/
paint sprayer,Wagner,Control Pro 130 Power Tank Sprayer,https://www.wagnerspraytech.com/product/control-pro-series/control-pro-130-power-tank-sprayer/
paint sprayer,Graco,magnum project painter plus,https://www.graco.com/us/en/homeowner/product/257025-magnum-project-painter-plus.html
