Product,Brand,Model,URL
space heater,Heat Storm,Tradesman Infrared 1500 Watt Heater with Tripod,https://ews-products.com/products/tradesman-tripod-combo
space heater,TaoTronics,PTC Space Heater TT-HE002,https://www.taotronics.com/products/24-space-heater-high-oscillating-portable-quiet-with-remote-eco-mode-12h-timer
space heater,Pelonis,Oil Filled Heater NY1507-14A,https://www.pelonis.com/us/heaters/radiant-heaters/ny1507-14a
space heater,Honeywell,360 Surround Heater Slate Gray,https://www.honeywellstore.com/store/products/honeywell-360-surround-heater-slate-gray-hhf360v.htm
space heater,Dr Infrared Heater,Infrared Heater Portable Space Heater DR968,https://drheaterusa.com/products/dr-infrared-heater-dr968-orignial-heater
space heater,DeLonghi,RadiaS ECO Digital Full Room Radiant Heater,https://www.delonghi.com/en-us/radias-eco-digital-full-room-radiant-heater/p/TRRS0715E-6A
space heater,Lasko,Electric Oscillating Ceramic Tower Space Heater,https://lasko.com/products/lasko-electric-oscillating-ceramic-tower-space-heater-with-remote-control-751320-black
space heater,Dyson,dyson purifier hot cool formaldehyde motif,https://www.dyson.com/air-treatment/air-purifier-heaters/purifier-hot-cool-formaldehyde-hp09/white-gold
