Product,Brand,Model,URL
skin cleansing brush,Beurer,"electric facial cleansing brush, fc45",https://www.beurer.com/uk/c/beauty/face-care/facial-cleansing-brush/
skin cleansing brush,EZBASICS,EZBASICS Facial Cleansing Brush,https://ezbasics.com/products/sonic-vibrating-facial-cleansing-brush
skin cleansing brush,Michael Todd Beauty,Soniclear Elite,https://michaeltoddbeauty.com/products/soniclear-elite
skin cleansing brush,Vanity Planet,Aira Ionic Facial Steamer,https://www.vanityplanet.com/products/aira-ionic-facial-steamer
skin cleansing brush,Braun,braun facespa pro facial epilator,https://uk.braun.com/en-gb/skin-care/facespa-pro/braun-facespa-851v-facial-epilator-cleansing-brush-skin-vitalizing-system
skin cleansing brush,Shiseido,Cleansing Massage Brush,https://www.shiseido.com/us/en/cleansing-massage-brush-0729238143432.html
skin cleansing brush,Mary Kay,Skinvigorate Sonic,https://www.marykay.com/en-us/products/skincare/skinvigorate-sonic-skin-care-system-302023
skin cleansing brush,Foreo,LUNA 3,https://www.foreo.com/luna-3
