Product,Brand,Model,URL
noise-canceling headphone,Razer,Opus,https://www.razer.com/mobile-headsets/razer-opus
noise-canceling headphone,Yamaha,HPH-MT8,https://usa.yamaha.com/products/proaudio/headphones/hph-mt8/index.html
noise-canceling headphone,Samsung,Galaxy Buds Pro,https://www.samsung.com/global/galaxy/galaxy-buds-pro/
noise-canceling headphone,Audio-Technica,ATH-ANC900BT,https://sea.audio-technica.com/products/best-for/noise-cancelling
noise-canceling headphone,Beats,Studio3 Wireless,https://www.beatsbydre.com/headphones/studio-pro-wireless
noise-canceling headphone,Bang Olufsen,beoplay h95,https://www.bang-olufsen.com/en/us/headphones/beoplay-h95
noise-canceling headphone,Bowers Wilkins,PX7,https://www.bowerswilkins.com/en-us/product/over-ear-headphones/px7-s2/300493.html
noise-canceling headphone,Bose,quietcomfort ultra headphones,https://www.bose.co.uk/en_gb/products/headphones/noise_cancelling_headphones/bose-quietcomfort-headphones-ultra.html#v=QCUH-HEADPHONEARN-BLK-WW
