Product,Brand,Model,URL
blender,Tefal,Tefal Perfectmix Blender,https://www.tefal.com/Food-%26-Drink-preparation/Blenders--Soups-%26-Smoothie-Makers/High-Speed-Blender/PERFECT-MIX-%2B---BL82A/p/7211003776
blender,Smeg,Pastel Blue 4-in-1 Hand Blender + Accessories,https://www.smeguk.com/products/HBF22PBUK
blender,Oster,"Pro 1200 BlenderOster Pro 1,200 Watt 7 Speed Performance Blender with 2 Smoothie Cups, Nickel",https://www.oster.ca/en_CA/blenders/pro/oster-pro-1200-watt-7-speed-performance-blender-with-2-smoothie-cups-nickel/BLSTMB-CBG2-033.html
blender,KitchenAid,Diamond Blender 5KSB1585,https://www.kitchenaid-mea.com/en_GB/small-appliances/blender/diamond-blender-5ksb1585/859715001020
blender,Breville,the Fresh & Furious,https://www.breville.com/ca/en/products/blenders/bbl620.html
blender,Hamilton Beach,Wave Crusher Blender,https://hamiltonbeach.com/wave-crusher-blender-with-blend-in-travel-jar-58161
blender,Blendtec,Designer 650 S,https://www.blendtec.com/collections/designer-blenders/products/designer-650-s
blender,Ninja,Ninja Foodi Power Blender & Processor System with Smoothie Bowl Maker and Nutrient Extractor*,https://www.ninjakitchen.ca/products/ninja-foodi-power-blender-processor-system-with-smoothie-bowl-maker-and-nutrient-extractor-zidSS351C
