Product,Brand,Model,URL
computer power supply,Lian Li,SP750,https://lian-li.com/product/sp750/
computer power supply,Zalman,teramax ii 1000w 80+ gold certified power supply,https://zalmanusa.com/products/teramax-ii-1200w-80-gold-certified-power-supply-atx-3-0-pci-e-5-0-modular-psu
computer power supply,Gigabyte,P750GM,https://www.gigabyte.com/Power-Supply/GP-P750GM#kf
computer power supply,FSP Group,Hydro PTM 750W,https://www.fsplifestyle.com/en/product/HydroPTMPRO750W.html
computer power supply,Fractal Design,Ion 760P,https://www.fractal-design.com/products/power-supplies/ion/ion-platinum-760w/black/
computer power supply,EVGA,BQ 850,https://eu.evga.com/products/product.aspx?pn=110-BQ-0850-V2
computer power supply,Be Quiet,Straight Power 11 750W,https://www.bequiet.com/en/powersupply/1359
computer power supply,MSI,MSI MPG A850GF,https://www.msi.com/Power-Supply/MPG-A850GF
