Product,Brand,Model,URL
beard trimmer,Kemei,KM-2600 Kemei Hair Clipper/Beard Trimmer,https://eraj.com/km-2600-kemei-hair-clipper-beard-trimmer.html
beard trimmer,BabylissPRO,BABYLISSPRO FXONE BLACKFX TRIMMER,https://babylisspro.com/fxone-blackfx-trimmer/FX799MB.html
beard trimmer,Gillette,King C. Gillette Men's Style Master Cordless Stubble Trimmer with 4D Blade,https://gillette.ca/king-c-gillette-mens-style-master-cordless-stubble-trimmer-with-4d-blade/
beard trimmer,Bevel,Bevel Beard Trimmer,https://getbevel.com/trimmer
beard trimmer,Andis,Master Cordless Lithium Ion Trimmer,https://andis.com/shop/detail/12660/Master-Cordless-Clipper
beard trimmer,Remington,The Crafter: Beard Boss Style and Detail Kit,https://www.remingtonproducts.com/products/shave-and-groom/clippers-and-trimmers/face-and-body-trimmers/pg6171b-the-crafter-bb-kit.aspx
beard trimmer,Panasonic,"Precision Beard & Hair Trimmer, 19 Length Settings",https://shop.panasonic.com/products/precision-beard-hair-trimmer-19-length-settings
beard trimmer,Wahl,STAINLESS STEEL LITHIUM-ION CORDLESS RECHARGEABLE TRIMMER,https://wahlusa.com/shop/stainless-steel-lithium-ion-cordless-rechargeable-trimmer-09898
