Product,Brand,Model,URL
tent,Snugpak,Scorpion 2,https://snugpak.com/products/scorpion-2-ix-wgte
tent,Teton Sports,Mountain Ultra Tent,https://tetonsports.com/products/mountain-ultra-2-person-tent
tent,Terra Nova,Southern Cross 1,https://www.terra-nova.co.uk/products/southern-cross-1-tent/
tent,Mountain Hardwear,Mineral King 2,https://www.mountainhardwear.com/p/mineral-king-2-tent-1886251.html
tent,Zpacks,Duplex,https://zpacks.com/pages/landing-duplex
tent,The North Face,stormbreak 2 tent,https://www.thenorthface.com/en-ca/bags-and-gear/tents-c211750/stormbreak-2-tent-pNF0A52VI
tent,Marmot,Limelight 2-Person Tent,https://www.marmot.com/equipment/tents/2-person/limelight-2-person-tent/AFS_195115053161.html
tent,NEMO,Dragonfly Osmo Backpacking Tent,https://www.nemoequipment.com/products/dragonfly-osmo
