Product,Brand,Model,URL
hair dryer,Parlux,Parlux Advance Light,https://parlux.com.au/parlux-advance-ionic-ceramic-hair-dryer/
hair dryer,Elchim,Elchim 3900 Healthy Ionic,https://elchim.com/us/en/product/3900-healthy-ionic
hair dryer,GHD,GHD Air Hair Dryer,https://www.ghdhair.com/us/hair-dryers/ghd-air-p-248
hair dryer,BaBylissPRO,BaBylissPRO Nano Titanium Hair Dryer,https://babylisspro.com/nano-titanium-dryer/BNT5548.html
hair dryer,Remington,Remington ONE Multi-Style Hair Dryer,https://www.remingtonproducts.com/products/hair-care/hair-care/hair-dryers/d31a10-remington-one-multi-style-hairdryer.aspx
hair dryer,Panasonic,Panasonic EH-NA27-K Compact Hair Dryer,https://shop.panasonic.com/products/nanoe%E2%84%A2-compact-quick-dry-hair-dryer
hair dryer,Conair,double ceramic hair dryer,https://www.conair.com/en/double-ceramic-hair-dryer/565DCR.html?lang=en_US
hair dryer,Dyson,Dyson Supersonic Hair Dryer IronFuchsia,https://www.dyson.sa/en-SA/dyson-supersonic-fuchsia-iron
