Product,Brand,Model,URL
pressure washer,Stanley,2800 PSI 2.3 GPM STANLEY FATMAX Gas Pressure Washer,https://www.stanleytools.com/product/sxpw2823k/2800-psi-23-gpm-stanley-fatmax-gas-pressure-washer
pressure washer,Veloci,MTM Hydro PF22 Foam Cannon,https://www.vppdealers.com/mtm-hydro-pf22-foam-cannon
pressure washer,Stihl,RE 90,https://www.stihl.com/STIHL-power-tools-A-great-range/Cleaning-systems/High-pressure-cleaners-and-accessories/High-pressure-cleaners/281540-1544/RE-90.aspx
pressure washer,Westinghouse,WPX2700 Pressure Washer,https://westinghouse.com/products/wpx2700h-pressure-washer
pressure washer,DeWalt,2400 PSI 13 Amp Electric Cold-Water Pressure Washer,https://www.dewalt.com/product/dwpw2400/2400-psi-13-amp-electric-cold-water-pressure-washer
pressure washer,Kärcher,K5 Premium,https://www.kaercher.com/us/outlet/products/k-5-premium-16033610.html
pressure washer,Generac,2900 PSI Pressure Washer Model G0088970,https://www.generacpowerproducts.com/Pressure-Washers/Residential-Pressure-Washers/Generac-2900-PSI-Pressure-Washer/p/G0088970
pressure washer,Mi-T-M,CD Series Electric Direct Drive - CD-1002-3MUH,https://www.mitm.com/pressure-washers/CD-1002-3MUH/2109/
