Product,Brand,Model,URL
cordless drill,Craftsman,V20* Cordless 1/2-in Drill/Driver Kit (1 Battery),https://www.craftsman.com/products/cmcd700c1/v20-cordless-1-2-in-drill-driver-kit-1-battery
cordless drill,BlackDecker,20V MAX* Cordless 3/8 in Drill Driver Kit (1) Battery with Charger,https://www.blackanddecker.com/products/ldx120c
cordless drill,Hitachi Metabo HPT,18V MULTIVOLT CORDLESS BRUSHLESS DRIVER DRILL & IMPACT DRIVER COMBO KIT,https://www.metabo-hpt.com/products/product/18v-multivolt-cordless-brushless-driver-drill-impact-driver-combo-kit-(2.0ah-x-2)-metabo-hpt-kc18dexqb
cordless drill,Bosch,GSR18V-755CB25,https://www.boschtools.com/us/en/products/gsr18v-755cb25-06019G0112
cordless drill,Milwaukee,M18 FUEL _ Hammer Drill/Driver (Tool Only),https://www.milwaukeetool.com/Products/Power-Tools/Drilling/Hammer-Drills/2804-20
cordless drill,DeWalt,20V MAX* Compact Drill/Driver Kit,https://www.dewalt.com/product/dcd771c2/20v-max-compact-drilldriver-kit
cordless drill,Skil,PWR CORE 20 Brushless 20V 1/2 IN. Drill Driver Kit,https://www.skil.com/pwrcore-20v-drilldriver-kit-dl529302/
cordless drill,Einhell,TE-CD 1840 Li Kit,https://www.einhell.fr/en/p/4257240-te-tk-18-2-li-kit-cd-ag
