Product,Brand,Model,URL
laser measure,Stanley,TLM99 Laser Distance Measurer,https://www.stanleytools.com/product/stht77138/tlm99-laser-distance-measurer
laser measure,Fluke,Fluke 417D Laser Distance Meter,https://www.fluke.com/en-gb/product/building-infrastructure/laser-distance-meters/417d
laser measure,Makita,"LD080P Laser Distance Measure, 262'",https://www.makitatools.com/products/details/LD080P
laser measure,Leica,leica disto d1,https://www.leicadisto.co.uk/shop/leica-disto-d1/
laser measure,Hilti,PD-I Laser Meter,https://www.hilti.com/c/CLS_MEA_TOOL_INSERT_7127/CLS_LASER_METERS_7127/r9121031
laser measure,DeWalt,12V MAX* 3 x 360 Green Line Laser,https://www.dewalt.com/product/dw089lg/12v-max-3-x-360-green-line-laser
laser measure,Bosch,GLM 50 C PROFESSIONAL Laser Measures,https://www.boschtools.com/us/en/products/glm-50-c-0601072C10
laser measure,Spectra Precision,lt56 interior self leveling laser - spectra precision,https://www.spectraprecision.com/lt58g
